歌詞,ふりがな
Tell Your World,
ネクストネスト,
メルト,
初音ミクの消失,
Blessing,
alive,
ロキ,
テオ,
ヒバナ -Reloaded-,
ハッピーシンセサイザ,
Nostalogic,
ツギハギスタッカート,
劣等上等,
ドクター＝ファンクビート,
フラジール,
ブリキノダンス,
スイートマジック,
ぼうけんのしょがきえました！,
シャルル,
ハロ／ハワユ,
自傷無色,
needLe,
アイドル新鋭隊,
Ready Steady,
セカイはまだ始まってすらいない,
悔やむと書いてミライ,
セカイ,
ワーワーワールド,
アスノヨゾラ哨戒班,
ニア,
Just Be Friends,
脱法ロック,
命に嫌われている,
ワールドイズマイン,
ダンスロボットダンス,
Hand in Hand,
夜咄ディセイブ,
Gimme×Gimme,
ビバハピ,
ジャンキーナイトタウンオーケストラ,
ミラクルペイント,
on the rocks,
携帯恋話,
39みゅーじっく！,
青く駆けろ！,
ステラ,
Leia - Remind,
ジャックポットサッドガール,
メルティランドナイトメア,
乙女解剖,
potatoになっていく,
ローリンガール,
モア！ジャンプ！モア！,
裏表ラバーズ,
アンノウン・マザーグース,
愛されなくても君がいる,
ウミユリ海底譚,
Forward,
独りんぼエンヴィー,
ニジイロストーリーズ,
ODDS＆ENDS,
ドラマツルギー,
グリーンライツ・セレナーデ,
恋愛裁判,
＊ハロー、プラネット。,
千本桜,
ECHO,
チュルリラ・チュルリラ・ダッダッダ！,
ブレス・ユア・ブレス,
とても痛い痛がりたい,
霽れを待つ,
ワールズエンド・ダンスホール,
ヒビカセ,
Color of Drops,
RAD DOGS,
ミルククラウン・オン・ソーネチカ,
タイムマシン,
drop pop candy,
ポジティブ☆ダンスタイム,
Brand New Day,
限りなく灰色へ,
ワンスアポンアドリーム,
ボッカデラベリタ,
みくみくにしてあげる♪【してやんよ】,
威風堂々,
from Y to Y,
初音ミクの激唱,
天使のクローバー,
お気に召すまま,
どりーみんチュチュ,
アイディスマイル,
「１」,
花を唄う,
夜に駆ける,
幽霊東京,
シネマ,
KING,
アイノマテリアル,
いかないで,
ロミオとシンデレラ,
泡沫未来,
トンデモワンダーズ,
カナデトモスソラ,
トラフィック・ジャム,
フロムトーキョー,
Beat Eater,
六兆年と一夜物語,
地球最後の告白を,
ビターチョコデコレーション,
そうだった！！,
カゲロウデイズ,
アイスドロップ,
Glory Steady Go!,
チルドレンレコード,
magic number,
流星のパルス,
カトラリー,
再生,
群青讃歌,
炉心融解,
ロストワンの号哭,
マシンガンポエムドール,
ベノム,
拝啓ドッペルゲンガー,
テレキャスタービーボーイ,
トキヲ・ファンカ,
悪魔の踊り方,
だれかの心臓になれたなら,
マシュマリー,
右肩の蝶,
ray,
"Hello,world!",
しっくおぶはうす！,
ショウタイム・ルーラー,
Happy Halloween,
ロウワー,
初音天地開闢神話,
オルターエゴ,
STAGE OF SEKAI,
からくりピエロ,
ワールドワイドワンダー,
悪ノ娘,
悪ノ召使,
去り人達のワルツ,
ラストスコア,
フィクサー,
ミライ,
ゴーストルール,
ヴィラン,
サンドリヨン 10th Anniversary,
少女レイ,
ガランド,
エンドマークに希望と涙を添えて,
the EmpErroR,
Don't Fight The Music,
にっこり^^調査隊のテーマ,
トリコロージュ,
心拍数♯0822,
うっせぇわ,
踊,
君色マリンスノウ,
愛して愛して愛して,
Flyer!,
Peaky Peaky,
ジウダス,
ナンセンス文学,
心予報,
僕らまだアンダーグラウンド,
Miku,
メタモリボン,
いーあるふぁんくらぶ,
雨とペトラ,
ノマド,
マトリョシカ,
ドーナツホール 2024*7,
砂の惑星,
ルカルカ★ナイトフィーバー,
ピアノ×フォルテ×スキャンダル,
千年の独奏歌,
88☆彡,
ONESELF,
PaⅢ.SENSATION,
ダーリンダンス,
オーダーメイド,
アイデンティティ,
青色絵具,
コスモスパイス,
徳川カップヌードル禁止令,
サラマンダー,
イフ,
ブラック★ロックシューター,
妄想感傷代償連盟,
リモコン,
月光,
神のまにまに,
Awake Now,
阿吽のビーツ,
バグ,
グッバイ宣言,
ヴァンパイア,
未完成讃歌,
星空のメロディー,
脳漿炸裂ガール,
ぼくらの16bit戦争,
メリュー,
エイリアンエイリアン,
街,
てらてら,
フロイライン＝ビブリォチカ,
踊れオーケストラ,
パラソルサイダー,
ロストエンファウンド,
YY,
それでもいいんだよ,
君の夜をくれ,
フューチャー・イヴ,
Voices,
ジェヘナ,
Calc.,
虚ろを扇ぐ,
Journey,
天ノ弱,
アンハッピーリフレイン,
フォニイ,
ダブルラリアット,
インビジブル,
エゴロック,
Bad ∞ End ∞ Night,
トリノコシティ,
こちら、幸福安心委員会です。,
DAYBREAK FRONTLINE,
ÅMARA(大未来電脳),
DREAM PLACE,
泥中に咲く,
いちにのさんで,
帝国少女,
Change me,
ラブカ？,
the WALL,
Iなんです,
パラジクロロベンゼン,
星屑ユートピア,
フレー,
あったかいと,
フロート・プランナー,
ノンブレス・オブリージュ,
ロンリーユニバース,
陽だまりのセツナ,
仮死化,
What's up? Pop!,
腐れ外道とチョコレゐト,
夜もすがら君想ふ,
ネトゲ廃人シュプレヒコール,
カンタレラ,
FREELY TOMORROW,
気まぐれメルシィ,
それがあなたの幸せとしても,
リンちゃんなう！,
フェレス,
夜明けと蛍,
星空オーケストラ,
Flyway,
p.h.,
Goodbye,
SnowMix♪,
星界ちゃんと可不ちゃんのおつかい合騒曲,
天使の翼。,
Copycat,
レイニースノードロップ,
アイロニ,
1925,
私は、私達は,
ひつじがいっぴき,
"Hello, Worker",
Where shall we go?,
ココロ,
ストロボラスト,
パレットには君がいっぱい,
Q,
ヤミナベ!!!!,
Booo!,
39,
Mr. Showtime,
エゴイスト,
エピローグに君はいない,
Highlight,
アトラクトライト,
ザムザ,
トラッシュ・アンド・トラッシュ！,
Vampire's ∞ pathoS,
Be The MUSIC!,
METEOR,
インタビュア,
私の恋はヘルファイア,
スノーマン,
深海少女,
魔法みたいなミュージック！,
相生,
名も無き革命,
おこちゃま戦争,
絶え間なく藍色,
命ばっかり,
ももいろの鍵,
キティ,
快晴,
悪食娘コンチータ,
眠らせ姫からの贈り物,
円尾坂の仕立屋,
悪徳のジャッジメント,
Sharing The World,
セツナトリップ,
シャンティ,
エターナルアリア,
Blue Star,
箱庭のコラル,
人生,
Wonder Style,
下剋上,
嗚呼、素晴らしきニャン生,
スターダストメドレー,
チームメイト,
glow,
とても素敵な六月でした,
UNDERWATER,
きゅうくらりん,
Afterglow,
太陽系デスコ,
心拍ペアリング,
演劇,
星を繋ぐ,
脳内革命ガール,
Decade,
我らステインバスターズ！,
新人類,
ずんだパーリナイ,
Disco No.39,
サマータイムレコード,
リアライズ,
キラピピ★キラピカ,
ボトルケーキ,
心做し,
ブループラネット,
HERO,
CIRCUS PANIC!!!,
白い雪のプリンセスは,
Un-Lock,
ラッキー☆オーブ,
NEO,
アイムマイン,
天樂,
まにまに,
メランコリック,
豚になってyeah yeah,
恋は戦争,
デビルじゃないもん,
すきなことだけでいいです,
番凩,
神っぽいな,
Dear,
CR詠ZY,
Cool Me Down,
悪役にキスシーンを,
我儘姫,
purpose,
はぐ,
トワイライトライト,
春嵐,
ARQETYPE,
On&On,
キュートなカノジョ,
フィラメントフィーバー,
さよならプリンセス,
Beyond the way,
ショウタイム×オーディエンス,
難聴系男子が倒せない,
オーバーコード,
スロウダウナー,
初めての恋が終わる時,
25時の情熱,
金木犀,
一千光年,
強風オールバック,
ヒアソビ,
エンヴィーベイビー,
『んっあっあっ。』,
くうになる,
ハイドアンド・シーク,
folern,
MOTTO!!!,
Sage,
心泥夢(syndrome),
サイバーパンクデッドボーイ,
MarbleBlue.,
マーシャル・マキシマイザー,
え？あぁ、そう。,
リレイアウター,
おどロボ,
世界を照らすテトラッド,
ハッピーチートデー,
十六歳の心臓,
limbo,
レグルス,
古書屋敷殺人事件,
JUMPIN’ OVER !,
ラグトレイン,
インテグラル,
ド屑,
明鏡止水,
ハジメテノオト,
flos,
アコトバ,
幽光、1/fのゆらめき,
嬢王,
1000年生きてる,
幾望の月,
blender,
えれくとりっく・えんじぇぅ,
レッドランドマーカー,
あいのうた,
ガーネットの涙,
だんだん早くなる,
私は雨,
酔いどれ知らず,
おぎゃりないざー,
シルバーコレクター,
すれすれ,
烈火,
超最終鬼畜妹フランドール・Ｓ,
Bad Apple!! feat.SEKAI,
"Help me, ERINNNNNN!!",
おちゃめ機能,
ときめきジェットコースター,
東京テディベア,
熱異常,
I know 愛脳.,
だめにんげんだ!,
オペラ！スペースオペラ！,
抜錨,
きょうもハレバレ,
Supernova,
エンパープル,
合成するミライ,
LEADER,
ポッピンキャンディ☆フィーバー！,
ULTRA C,
ダイジョブですか？,
成敗いたAAAAAす！,
林檎売りの泡沫少女,
メリーゴーラウンド,
マインドブランド,
イガク,
あちこちデートさん,
キラー,
WAVE,
彗星ノ銀河,
夏夜ノ唄,
QUEEN,
アンテナ39,
ちがう!!!,
スーパーヒーロー,
カルチャ,
レイヤーノート,
それでも僕らは歌うことをやめない,
Unpoison,
熱風,
モザイクロール (Reloaded),
メズマライザー,
如月アテンション,
メインキャラクター,
コールボーイ,
きみとぼくのレゾナンス,
転生林檎,
Blackjack,
Shadow Shadow,
生命性シンドロウム,
化けの花,
キャットフード,
メモリア,
脳天,
フューエル,
その音が鳴るなら,
妄想アスパルテーム,
キャットラビング,
ぼくのかみさま,
パリィ,
みかぼし,
余花にみとれて,
シークレット・シーカー,
はしる! とおく! とどく!,
花溺れ,
はじまりの未来,
混沌ブギ,
アンヘル,
プロトディスコ,
CH4NGE,
snooze,
ワールド・ランプシェード [reunion],
のだ,
サイハテ,
Henceforth,
厨病激発ボーイ,
ヘイヴン,
夏に透明,
パンダヒーロー,
結ンデ開イテ羅刹ト骸,
ファイアダンス,
そこに在る、光。,
Worlders,
FUN!!,
終焉逃避行,
スマイル*シンフォニー,
SToRY,
クリスタルスノウ,
ハローセカイ,
アンチユー,
ルルブ,
フュージョン,
ルーマー,
Fire◎Flower (Rerec),
三日月ステップ,
オーバーライド,
Packaged,
ライアーダンサー,
プラネットヒーロー,
透明エレジー,
D/N/A,
ドレミファロンド,
Sympathy,
Call!!,
吉原ラメント 再来盤,
マンハッタン,
クイーンオブハート,
バレリーコ,
花に風,
スーサイドパレヱド,
星宙メランコリア,
回る空うさぎ,
オールセーブチャレンジ,
チルノのパーフェクトさんすう学園,
とうほう☆ワンダーランド,
超ナイト・オブ・ナイツ,
虚無さん,
紗痲,
失敗作少女,
フィッシュアンドTips,
Connecting,
エンヴィキャットウォーク,
イレヴンス,
光線歌,
テトリス,
このふざけた素晴らしき世界は、僕の為にある,
モニタリング,
庭師のおはなしによると,
Twilight Melody,
M@GICAL☆CURE! LOVE ♥ SHOT!,
Hello Builder,
imaginary love story,
Intergalactic Bound,
笑えたらえーやん！,
アイリッド,
透明なパレット,
エクスプロウル,
ありのままのストーリーを,
生きる,
花弁、それにまつわる音声,
マリオネットダンサー,
Life Will Change,
アクセラレイト,
Surges,
リリィララ,
SAN値直葬,
飾って,
ラストラス,
サヨナラ天国また来て地獄,
8.32,
あの夏が飽和する。,
深海シティアンダーグラウンド,
ブラッドドール,
偽物人間40号,
ペンタトニック,
おどりゃんせ,
少女A,
東京サマーセッション,
ヴィーナス,
ハウトゥー世界征服,
げんてん,
人マニア,
㋰責任集合体,
ロストアンブレラ,
ホワイトハッピー,
ネクラチューンサーカス,
カレシのジュード,
パメラ,
スター,
あなたの空が泣くのなら,
アベリア,
ルマ,
ロケットサイダー,
その絵の名前は,
金時計,
征け,
ファイター,
IMAWANOKIWA,
怪獣になりたい,
0.0000034,
花結び,
電光刹歌,
ウィーアーピコピコハンマーズ!!!!,
ジェットブラック,
トレジャーガーデン,
最愛人生ランナー,
い～やい～やい～や,
ドリーム・キス,
Polar Star,
ぼかろころしあむ,
ヤンキーボーイ・ヤンキーガール,
魔法少女とチョコレゐト,
上弦の月,
惑星ループ,
黒塗り世界宛て書簡,
君が飛び降りるのならば,
鎖の少女-Re Alive-,
Internet Junk Junkie,
幸福刑,
透過する温度,
好き！雪！本気マジック,
Snow Fairy Story,
雪がとける前に,
スターナイトスノウ,
四角い地球を丸くする,
アイ,
ぽかぽかの星,
Fondant Step,
SHIAWASE FOR YOU!,
アリア,
幕を下ろそう、パレードへ,
Ribbon,
ハオ,
このまんまでいこう,
とびだせ！わんだぴょい,

